facet,anchor,stem_text
Analytical Reasoning,I break problems into clear steps.,I solve problems by dividing them into steps.
Analytical Reasoning,I break problems into clear steps.,I handle problems by breaking them into smaller parts.
Analytical Reasoning,I break problems into clear steps.,I tackle problems by splitting them into steps.
Analytical Reasoning,I break problems into clear steps.,I approach problems by separating them into clear steps.
Analytical Reasoning,I break problems into clear steps.,I manage problems by dividing them into simple steps.
Analytical Reasoning,I break problems into clear steps.,I deal with problems by breaking them into steps.
Analytical Reasoning,I break problems into clear steps.,I face problems by splitting them into clear steps.
Analytical Reasoning,I break problems into clear steps.,I address problems by dividing them into steps.
Analytical Reasoning,I break problems into clear steps.,I work through problems by breaking them down into steps.
Analytical Reasoning,I break problems into clear steps.,I resolve problems by splitting them into smaller steps.
Analytical Reasoning,I break problems into clear steps.,I overcome problems by dividing them into steps.
Analytical Reasoning,I break problems into clear steps.,I handle issues by breaking them into steps.
Analytical Reasoning,I break problems into clear steps.,I solve issues by dividing them into smaller parts.
Analytical Reasoning,I break problems into clear steps.,I tackle issues by splitting them into steps.
Analytical Reasoning,I break problems into clear steps.,I approach issues by separating them into clear steps.
Analytical Reasoning,I break problems into clear steps.,I manage issues by dividing them into simple steps.
Analytical Reasoning,I break problems into clear steps.,I deal with issues by breaking them into steps.
Analytical Reasoning,I break problems into clear steps.,I face issues by splitting them into clear steps.
Analytical Reasoning,I break problems into clear steps.,I address issues by dividing them into steps.
Analytical Reasoning,I break problems into clear steps.,I work through issues by breaking them down into steps.
Analytical Reasoning,I break problems into clear steps.,I resolve issues by splitting them into smaller steps.
Analytical Reasoning,I break problems into clear steps.,I overcome issues by dividing them into steps.
Analytical Reasoning,I break problems into clear steps.,I handle challenges by breaking them into steps.
Analytical Reasoning,I break problems into clear steps.,I solve challenges by dividing them into smaller parts.
Analytical Reasoning,I break problems into clear steps.,I tackle challenges by splitting them into steps.
Analytical Reasoning,I break problems into clear steps.,I approach challenges by separating them into clear steps.
Analytical Reasoning,I break problems into clear steps.,I manage challenges by dividing them into simple steps.
Analytical Reasoning,I break problems into clear steps.,I deal with challenges by breaking them into steps.
Systems Perspective,I see how parts fit a whole.,I understand how pieces come together to form a complete picture.
Systems Perspective,I see how parts fit a whole.,I can tell how different elements work together.
Systems Perspective,I see how parts fit a whole.,I notice how individual parts combine into a whole.
Systems Perspective,I see how parts fit a whole.,I recognize how various components fit into a larger system.
Systems Perspective,I see how parts fit a whole.,I grasp how separate pieces create a complete structure.
Systems Perspective,I see how parts fit a whole.,I perceive how various parts integrate into one.
Systems Perspective,I see how parts fit a whole.,I comprehend how individual elements contribute to a whole.
Systems Perspective,I see how parts fit a whole.,I identify how different sections connect to make a complete unit.
Systems Perspective,I see how parts fit a whole.,I discern how separate parts make up a whole.
Systems Perspective,I see how parts fit a whole.,I realize how various pieces fit together in a system.
Systems Perspective,I see how parts fit a whole.,I observe how different elements fit into a complete picture.
Systems Perspective,I see how parts fit a whole.,I see how components come together as one.
Systems Perspective,I see how parts fit a whole.,I understand how sections form a complete whole.
Systems Perspective,I see how parts fit a whole.,I can see how individual parts are part of a bigger picture.
Systems Perspective,I see how parts fit a whole.,I recognize how different elements fit into a complete system.
Systems Perspective,I see how parts fit a whole.,I notice how various components come together to form a whole.
Systems Perspective,I see how parts fit a whole.,I grasp how different parts create a single unit.
Systems Perspective,I see how parts fit a whole.,I perceive how individual sections contribute to a complete picture.
Systems Perspective,I see how parts fit a whole.,I comprehend how separate pieces fit into a larger framework.
Systems Perspective,I see how parts fit a whole.,I identify how individual elements fit into a bigger picture.
Systems Perspective,I see how parts fit a whole.,I discern how components work together as a whole.
Systems Perspective,I see how parts fit a whole.,I see how different sections create a complete structure.
Systems Perspective,I see how parts fit a whole.,I realize how individual elements are part of a whole.
Systems Perspective,I see how parts fit a whole.,I observe how components fit into a larger system.
Systems Perspective,I see how parts fit a whole.,I understand how different pieces make up a complete picture.
Systems Perspective,I see how parts fit a whole.,I can see how various elements form a whole.
Systems Perspective,I see how parts fit a whole.,I recognize how parts come together as one.
Systems Perspective,I see how parts fit a whole.,I notice how different pieces fit into a complete unit.
Foresight,I anticipate future outcomes.,I look forward to what will happen next.
Foresight,I anticipate future outcomes.,I expect what is going to occur.
Foresight,I anticipate future outcomes.,I think about what will happen in the future.
Foresight,I anticipate future outcomes.,I foresee what is coming.
Foresight,I anticipate future outcomes.,I imagine what will occur later.
Foresight,I anticipate future outcomes.,I plan for what might happen.
Foresight,I anticipate future outcomes.,I prepare for the future outcomes.
Foresight,I anticipate future outcomes.,I consider the results of upcoming events.
Foresight,I anticipate future outcomes.,I predict what will happen soon.
Foresight,I anticipate future outcomes.,I envision what lies ahead.
Foresight,I anticipate future outcomes.,I focus on what is likely to occur.
Foresight,I anticipate future outcomes.,I get ready for future events.
Foresight,I anticipate future outcomes.,I think about future possibilities.
Foresight,I anticipate future outcomes.,I evaluate what is going to happen.
Foresight,I anticipate future outcomes.,I imagine future situations.
Foresight,I anticipate future outcomes.,I predict future events.
Foresight,I anticipate future outcomes.,I see what is coming in the future.
Foresight,I anticipate future outcomes.,I expect what will happen next.
Foresight,I anticipate future outcomes.,I anticipate what might happen soon.
Foresight,I anticipate future outcomes.,I prepare for coming events.
Foresight,I anticipate future outcomes.,I consider what will occur later.
Foresight,I anticipate future outcomes.,I foresee upcoming events.
Foresight,I anticipate future outcomes.,I imagine what the future holds.
Foresight,I anticipate future outcomes.,I think about what is to come.
Foresight,I anticipate future outcomes.,I contemplate future events.
Foresight,I anticipate future outcomes.,I expect future developments.
Foresight,I anticipate future outcomes.,I envision what will take place.
Foresight,I anticipate future outcomes.,I imagine possible future outcomes.
Curiosity,I enjoy exploring new ideas.,I like discovering new concepts.
Curiosity,I enjoy exploring new ideas.,I find joy in learning about new topics.
Curiosity,I enjoy exploring new ideas.,I am keen on understanding different ideas.
Curiosity,I enjoy exploring new ideas.,I love to learn about new things.
Curiosity,I enjoy exploring new ideas.,I take pleasure in exploring different thoughts.
Curiosity,I enjoy exploring new ideas.,I am interested in discovering new ideas.
Curiosity,I enjoy exploring new ideas.,I enjoy learning about unfamiliar subjects.
Curiosity,I enjoy exploring new ideas.,I like finding out about new ideas.
Curiosity,I enjoy exploring new ideas.,I am curious about exploring new concepts.
Curiosity,I enjoy exploring new ideas.,I delight in discovering fresh ideas.
Curiosity,I enjoy exploring new ideas.,I take interest in learning new things.
Curiosity,I enjoy exploring new ideas.,I like to explore different ideas.
Curiosity,I enjoy exploring new ideas.,I am enthusiastic about new ideas.
Curiosity,I enjoy exploring new ideas.,I find it exciting to learn new things.
Curiosity,I enjoy exploring new ideas.,I enjoy broadening my knowledge with new ideas.
Curiosity,I enjoy exploring new ideas.,I am eager to explore new concepts.
Curiosity,I enjoy exploring new ideas.,I find it fulfilling to discover new ideas.
Curiosity,I enjoy exploring new ideas.,I appreciate learning about different ideas.
Curiosity,I enjoy exploring new ideas.,I love the challenge of new ideas.
Curiosity,I enjoy exploring new ideas.,I am passionate about exploring new ideas.
Curiosity,I enjoy exploring new ideas.,I relish the opportunity to learn new things.
Curiosity,I enjoy exploring new ideas.,I am open to discovering new ideas.
Curiosity,I enjoy exploring new ideas.,I enjoy engaging with fresh concepts.
Curiosity,I enjoy exploring new ideas.,I am thrilled by exploring new ideas.
Curiosity,I enjoy exploring new ideas.,I like to uncover new thoughts.
Curiosity,I enjoy exploring new ideas.,I take joy in learning about new ideas.
Curiosity,I enjoy exploring new ideas.,I am fascinated by new concepts.
Reflective Learning,I think about what I’ve learned.,I reflect on my learning experiences.
Reflective Learning,I think about what I’ve learned.,I consider what I have studied.
Reflective Learning,I think about what I’ve learned.,I review the things I’ve learned.
Reflective Learning,I think about what I’ve learned.,I go over the lessons in my mind.
Reflective Learning,I think about what I’ve learned.,I think about the knowledge I gained.
Reflective Learning,I think about what I’ve learned.,I ponder the new information I received.
Reflective Learning,I think about what I’ve learned.,I recall the topics I’ve covered.
Reflective Learning,I think about what I’ve learned.,I focus on what I have understood.
Reflective Learning,I think about what I’ve learned.,I remember what I have been taught.
Reflective Learning,I think about what I’ve learned.,I look back on my learning.
Reflective Learning,I think about what I’ve learned.,I analyze the material I’ve studied.
Reflective Learning,I think about what I’ve learned.,I contemplate the lessons I’ve had.
Reflective Learning,I think about what I’ve learned.,I think about the subjects I’ve learned.
Reflective Learning,I think about what I’ve learned.,I evaluate the things I’ve been taught.
Reflective Learning,I think about what I’ve learned.,I consider the knowledge I have acquired.
Reflective Learning,I think about what I’ve learned.,I reflect on what I have learned recently.
Reflective Learning,I think about what I’ve learned.,I pay attention to what I have studied.
Reflective Learning,I think about what I’ve learned.,I think over the things I’ve learned.
Reflective Learning,I think about what I’ve learned.,I dwell on the lessons I’ve received.
Reflective Learning,I think about what I’ve learned.,I think about the information I have absorbed.
Reflective Learning,I think about what I’ve learned.,I assess what I have learned.
Reflective Learning,I think about what I’ve learned.,I review the things I’ve been taught.
Reflective Learning,I think about what I’ve learned.,I think about the skills I have acquired.
Reflective Learning,I think about what I’ve learned.,I think over my recent learning experiences.
Reflective Learning,I think about what I’ve learned.,I consider the topics I’ve covered.
Reflective Learning,I think about what I’ve learned.,I think back to my recent lessons.
Reflective Learning,I think about what I’ve learned.,I evaluate the information I have learned.
Reflective Learning,I think about what I’ve learned.,I focus on the lessons I have received.
Sense-Making,I turn data into clear stories.,I transform data into understandable stories.
Sense-Making,I turn data into clear stories.,I make data easy to understand by telling stories.
Sense-Making,I turn data into clear stories.,I convert data into simple stories.
Sense-Making,I turn data into clear stories.,I change data into stories that are easy to follow.
Sense-Making,I turn data into clear stories.,I create stories from data that are clear.
Sense-Making,I turn data into clear stories.,I develop stories from data that are easy to grasp.
Sense-Making,I turn data into clear stories.,I turn information into stories that make sense.
Sense-Making,I turn data into clear stories.,I shape data into stories that are easy to understand.
Sense-Making,I turn data into clear stories.,I craft data into stories that are clear.
Sense-Making,I turn data into clear stories.,I present data as stories that are easy to follow.
Sense-Making,I turn data into clear stories.,I tell stories with data that everyone can understand.
Sense-Making,I turn data into clear stories.,I use data to create stories that are simple.
Sense-Making,I turn data into clear stories.,I make stories from data that are clear.
Sense-Making,I turn data into clear stories.,I build stories from data that are easy to understand.
Sense-Making,I turn data into clear stories.,I translate data into stories that are clear.
Sense-Making,I turn data into clear stories.,I organize data into stories that make sense.
Sense-Making,I turn data into clear stories.,I convert information into stories that are easy to follow.
Sense-Making,I turn data into clear stories.,I design stories from data that are clear.
Sense-Making,I turn data into clear stories.,I turn complex data into simple stories.
Sense-Making,I turn data into clear stories.,I express data as stories that are easy to understand.
Sense-Making,I turn data into clear stories.,I create clear stories using data.
Sense-Making,I turn data into clear stories.,I make stories with data that are easy to grasp.
Sense-Making,I turn data into clear stories.,I write stories from data that are clear.
Sense-Making,I turn data into clear stories.,I produce stories using data that are easy to understand.
Sense-Making,I turn data into clear stories.,I explain data through stories that make sense.
Sense-Making,I turn data into clear stories.,I shape information into stories that are easy to grasp.
Sense-Making,I turn data into clear stories.,I compose stories from data that are clear.
Sense-Making,I turn data into clear stories.,I interpret data into stories that everyone can follow.
Ideation,I generate many ideas quickly.,I come up with ideas fast.
Ideation,I generate many ideas quickly.,I think of many ideas in little time.
Ideation,I generate many ideas quickly.,I quickly create a lot of ideas.
Ideation,I generate many ideas quickly.,I easily generate lots of ideas.
Ideation,I generate many ideas quickly.,I produce numerous ideas quickly.
Ideation,I generate many ideas quickly.,I rapidly form many ideas.
Ideation,I generate many ideas quickly.,I am quick at thinking of ideas.
Ideation,I generate many ideas quickly.,I quickly think of multiple ideas.
Ideation,I generate many ideas quickly.,I have a fast imagination for ideas.
Ideation,I generate many ideas quickly.,I can generate ideas speedily.
Ideation,I generate many ideas quickly.,I develop ideas swiftly and often.
Ideation,I generate many ideas quickly.,I am fast at creating ideas.
Ideation,I generate many ideas quickly.,I can come up with ideas quickly.
Ideation,I generate many ideas quickly.,I find it easy to think of ideas fast.
Ideation,I generate many ideas quickly.,I have no trouble generating ideas quickly.
Ideation,I generate many ideas quickly.,I am good at thinking of ideas quickly.
Ideation,I generate many ideas quickly.,I think of new ideas quickly.
Ideation,I generate many ideas quickly.,I quickly imagine many different ideas.
Ideation,I generate many ideas quickly.,I can easily think of many ideas.
Ideation,I generate many ideas quickly.,I am able to create ideas quickly.
Ideation,I generate many ideas quickly.,I quickly develop a lot of ideas.
Ideation,I generate many ideas quickly.,I have many ideas in a short time.
Ideation,I generate many ideas quickly.,I quickly come up with new ideas.
Ideation,I generate many ideas quickly.,I generate several ideas in little time.
Ideation,I generate many ideas quickly.,I am fast at producing new ideas.
Ideation,I generate many ideas quickly.,I quickly have a lot of ideas.
Ideation,I generate many ideas quickly.,I quickly bring forth many ideas.
Innovation,I turn ideas into real projects.,I make ideas become real projects.
Innovation,I turn ideas into real projects.,I transform ideas into actual projects.
Innovation,I turn ideas into real projects.,I convert ideas into real projects.
Innovation,I turn ideas into real projects.,I develop ideas into concrete projects.
Innovation,I turn ideas into real projects.,I create real projects from ideas.
Innovation,I turn ideas into real projects.,I bring ideas to life as projects.
Innovation,I turn ideas into real projects.,I build real projects from ideas.
Innovation,I turn ideas into real projects.,I put ideas into real projects.
Innovation,I turn ideas into real projects.,I turn concepts into real projects.
Innovation,I turn ideas into real projects.,I produce real projects from ideas.
Innovation,I turn ideas into real projects.,I realize ideas into projects.
Innovation,I turn ideas into real projects.,I shape ideas into real projects.
Innovation,I turn ideas into real projects.,I craft ideas into actual projects.
Innovation,I turn ideas into real projects.,I work on ideas to make them real projects.
Innovation,I turn ideas into real projects.,I execute ideas into real projects.
Innovation,I turn ideas into real projects.,I implement ideas into actual projects.
Innovation,I turn ideas into real projects.,I carry ideas into real projects.
Innovation,I turn ideas into real projects.,I change ideas into real projects.
Innovation,I turn ideas into real projects.,I actualize ideas as real projects.
Innovation,I turn ideas into real projects.,I evolve ideas into real projects.
Innovation,I turn ideas into real projects.,I establish real projects from ideas.
Innovation,I turn ideas into real projects.,I develop real projects from concepts.
Innovation,I turn ideas into real projects.,I translate ideas into real projects.
Innovation,I turn ideas into real projects.,I make projects from ideas.
Innovation,I turn ideas into real projects.,I create projects from ideas.
Innovation,I turn ideas into real projects.,I achieve real projects from ideas.
Innovation,I turn ideas into real projects.,I turn thoughts into real projects.
Innovation,I turn ideas into real projects.,I bring projects to life from ideas.
Aesthetic Sensitivity,I notice small design details.,I pay attention to small design details.
Aesthetic Sensitivity,I notice small design details.,I often see little design details.
Aesthetic Sensitivity,I notice small design details.,I focus on the small details in designs.
Aesthetic Sensitivity,I notice small design details.,I observe the small details in a design.
Aesthetic Sensitivity,I notice small design details.,I am aware of small details in designs.
Aesthetic Sensitivity,I notice small design details.,I catch the small design details.
Aesthetic Sensitivity,I notice small design details.,I spot small details in a design.
Aesthetic Sensitivity,I notice small design details.,I see small details in designs.
Aesthetic Sensitivity,I notice small design details.,I look closely at small design details.
Aesthetic Sensitivity,I notice small design details.,I notice the minor details in a design.
Aesthetic Sensitivity,I notice small design details.,I find small details in designs.
Aesthetic Sensitivity,I notice small design details.,I often catch tiny design details.
Aesthetic Sensitivity,I notice small design details.,I am attentive to small details in designs.
Aesthetic Sensitivity,I notice small design details.,I can see small design details.
Aesthetic Sensitivity,I notice small design details.,I recognize little details in designs.
Aesthetic Sensitivity,I notice small design details.,I observe minor details in designs.
Aesthetic Sensitivity,I notice small design details.,I pay attention to the small aspects of designs.
Aesthetic Sensitivity,I notice small design details.,I see the fine details in a design.
Aesthetic Sensitivity,I notice small design details.,I focus on minor details in designs.
Aesthetic Sensitivity,I notice small design details.,I notice the little aspects of a design.
Aesthetic Sensitivity,I notice small design details.,I am aware of the small parts in designs.
Aesthetic Sensitivity,I notice small design details.,I catch the fine details in designs.
Aesthetic Sensitivity,I notice small design details.,I spot the tiny details in a design.
Aesthetic Sensitivity,I notice small design details.,I observe the fine points of a design.
Aesthetic Sensitivity,I notice small design details.,I see the minor details in designs.
Aesthetic Sensitivity,I notice small design details.,I pay attention to the fine aspects of a design.
Aesthetic Sensitivity,I notice small design details.,I focus on the tiny design details.
Aesthetic Sensitivity,I notice small design details.,I am aware of the little design details.
Improvisation,I adapt when plans change.,I adjust when things don't go as planned.
Improvisation,I adapt when plans change.,I am flexible when plans shift.
Improvisation,I adapt when plans change.,I go with the flow when schedules change.
Improvisation,I adapt when plans change.,I handle changes to plans easily.
Improvisation,I adapt when plans change.,I manage well when plans are different.
Improvisation,I adapt when plans change.,I cope with changes in plans.
Improvisation,I adapt when plans change.,I modify my actions when plans alter.
Improvisation,I adapt when plans change.,I am okay with changes in plans.
Improvisation,I adapt when plans change.,I can handle it when plans are revised.
Improvisation,I adapt when plans change.,I respond well to adjustments in plans.
Improvisation,I adapt when plans change.,I deal with changes to plans smoothly.
Improvisation,I adapt when plans change.,I alter my approach when plans differ.
Improvisation,I adapt when plans change.,I embrace changes when plans are updated.
Improvisation,I adapt when plans change.,I am comfortable with changes in plans.
Improvisation,I adapt when plans change.,I work well with new plans.
Improvisation,I adapt when plans change.,I am adaptable when plans change.
Improvisation,I adapt when plans change.,I can adjust when plans are altered.
Improvisation,I adapt when plans change.,I make changes when plans don't stay the same.
Improvisation,I adapt when plans change.,I am open to changes in plans.
Improvisation,I adapt when plans change.,I rearrange my schedule when plans shift.
Improvisation,I adapt when plans change.,I can manage when plans are modified.
Improvisation,I adapt when plans change.,I am able to adapt to new situations.
Improvisation,I adapt when plans change.,I change my plans when necessary.
Improvisation,I adapt when plans change.,I find it easy to adapt to changes.
Improvisation,I adapt when plans change.,I am quick to adjust when plans change.
Improvisation,I adapt when plans change.,I can switch my plans easily.
Improvisation,I adapt when plans change.,I stay calm when plans change.
Improvisation,I adapt when plans change.,I am ready to change plans if needed.
Experimentation,I test ideas to see what works.,I try out ideas to find the best solution.
Experimentation,I test ideas to see what works.,I experiment with ideas to discover what is effective.
Experimentation,I test ideas to see what works.,I check my ideas to know which ones are successful.
Experimentation,I test ideas to see what works.,I explore different ideas to determine their effectiveness.
Experimentation,I test ideas to see what works.,I apply my ideas to see which ones work well.
Experimentation,I test ideas to see what works.,I use my ideas in practice to test their success.
Experimentation,I test ideas to see what works.,I evaluate ideas to see which ones are the best.
Experimentation,I test ideas to see what works.,I try different ideas to see how they work out.
Experimentation,I test ideas to see what works.,I put my ideas into action to see their results.
Experimentation,I test ideas to see what works.,I test my ideas to find out which ones are useful.
Experimentation,I test ideas to see what works.,I experiment with different ideas to check their success.
Experimentation,I test ideas to see what works.,I try ideas to see which ones are effective.
Experimentation,I test ideas to see what works.,I see how my ideas work by testing them out.
Experimentation,I test ideas to see what works.,I try out different ideas to see their results.
Experimentation,I test ideas to see what works.,I check which ideas are good by testing them.
Experimentation,I test ideas to see what works.,I use my ideas to see which ones are effective.
Experimentation,I test ideas to see what works.,I try new ideas to find out what works.
Experimentation,I test ideas to see what works.,I test different ideas to learn which are successful.
Experimentation,I test ideas to see what works.,I test out my ideas to see which ones succeed.
Experimentation,I test ideas to see what works.,I use my ideas to test their effectiveness.
Experimentation,I test ideas to see what works.,I try ideas to see their outcomes.
Experimentation,I test ideas to see what works.,I put my ideas to the test to see their success.
Experimentation,I test ideas to see what works.,I experiment with ideas to see their effectiveness.
Experimentation,I test ideas to see what works.,I try different approaches to find out what works.
Experimentation,I test ideas to see what works.,I apply different ideas to see which ones work best.
Experimentation,I test ideas to see what works.,I test ideas to see their effectiveness.
Experimentation,I test ideas to see what works.,I try my ideas to see if they work.
Experimentation,I test ideas to see what works.,I explore ideas to understand which ones are effective.
Synthesising,I combine ideas into new concepts.,I create new ideas by mixing different thoughts.
Synthesising,I combine ideas into new concepts.,I merge different ideas to form new concepts.
Synthesising,I combine ideas into new concepts.,I bring together ideas to create something new.
Synthesising,I combine ideas into new concepts.,I develop new concepts by combining ideas.
Synthesising,I combine ideas into new concepts.,I fuse ideas into fresh concepts.
Synthesising,I combine ideas into new concepts.,I join ideas to make new concepts.
Synthesising,I combine ideas into new concepts.,I integrate different ideas to invent new things.
Synthesising,I combine ideas into new concepts.,I connect ideas to form new concepts.
Synthesising,I combine ideas into new concepts.,I unite ideas to generate new concepts.
Synthesising,I combine ideas into new concepts.,I weave ideas into new concepts.
Synthesising,I combine ideas into new concepts.,I assemble ideas into new thoughts.
Synthesising,I combine ideas into new concepts.,I blend ideas to come up with new concepts.
Synthesising,I combine ideas into new concepts.,I put together ideas to create new concepts.
Synthesising,I combine ideas into new concepts.,I construct new concepts from various ideas.
Synthesising,I combine ideas into new concepts.,I design new concepts by linking ideas.
Synthesising,I combine ideas into new concepts.,I synthesize ideas into new concepts.
Synthesising,I combine ideas into new concepts.,I formulate new concepts by combining ideas.
Synthesising,I combine ideas into new concepts.,I invent new concepts by joining ideas.
Synthesising,I combine ideas into new concepts.,I craft new concepts from mixed ideas.
Synthesising,I combine ideas into new concepts.,I shape fresh concepts by uniting ideas.
Synthesising,I combine ideas into new concepts.,I produce new concepts by assembling ideas.
Synthesising,I combine ideas into new concepts.,I evolve ideas into new concepts.
Synthesising,I combine ideas into new concepts.,I make new concepts by combining different ideas.
Synthesising,I combine ideas into new concepts.,I develop fresh concepts by uniting ideas.
Synthesising,I combine ideas into new concepts.,I compose new concepts by merging ideas.
Synthesising,I combine ideas into new concepts.,I transform ideas into new concepts.
Synthesising,I combine ideas into new concepts.,I generate new concepts by fusing ideas.
Synthesising,I combine ideas into new concepts.,I form new concepts by integrating various ideas.
Achievement Focus,I aim for challenging goals.,I set ambitious targets for myself.
Achievement Focus,I aim for challenging goals.,I strive to achieve difficult objectives.
Achievement Focus,I aim for challenging goals.,I work towards challenging aims.
Achievement Focus,I aim for challenging goals.,I focus on reaching high goals.
Achievement Focus,I aim for challenging goals.,I pursue tough targets in my life.
Achievement Focus,I aim for challenging goals.,I aim for demanding objectives.
Achievement Focus,I aim for challenging goals.,I seek to accomplish challenging tasks.
Achievement Focus,I aim for challenging goals.,I go after ambitious goals.
Achievement Focus,I aim for challenging goals.,I try to achieve significant targets.
Achievement Focus,I aim for challenging goals.,I aim to reach difficult goals.
Achievement Focus,I aim for challenging goals.,I pursue lofty objectives.
Achievement Focus,I aim for challenging goals.,I set high standards for my goals.
Achievement Focus,I aim for challenging goals.,I challenge myself with ambitious aims.
Achievement Focus,I aim for challenging goals.,I target difficult achievements.
Achievement Focus,I aim for challenging goals.,I work hard to reach challenging goals.
Achievement Focus,I aim for challenging goals.,I focus on ambitious targets.
Achievement Focus,I aim for challenging goals.,I strive for high achievements.
Achievement Focus,I aim for challenging goals.,I aim to accomplish tough objectives.
Achievement Focus,I aim for challenging goals.,I pursue challenging goals with determination.
Achievement Focus,I aim for challenging goals.,I set demanding goals for myself.
Achievement Focus,I aim for challenging goals.,I strive for goals that challenge me.
Achievement Focus,I aim for challenging goals.,I aim to achieve ambitious objectives.
Achievement Focus,I aim for challenging goals.,I work towards tough achievements.
Achievement Focus,I aim for challenging goals.,I pursue significant goals.
Achievement Focus,I aim for challenging goals.,I focus on achieving demanding targets.
Achievement Focus,I aim for challenging goals.,I target ambitious accomplishments.
Achievement Focus,I aim for challenging goals.,I set my sights on challenging objectives.
Achievement Focus,I aim for challenging goals.,I aim high with my goals.
Discipline,I stick to a task until done.,I complete tasks once I start them.
Discipline,I stick to a task until done.,I work on tasks until they are finished.
Discipline,I stick to a task until done.,I make sure to finish what I begin.
Discipline,I stick to a task until done.,I keep going until my work is done.
Discipline,I stick to a task until done.,I stay focused on a task until it's complete.
Discipline,I stick to a task until done.,I continue working on a task until I finish it.
Discipline,I stick to a task until done.,I don't stop a task until it's done.
Discipline,I stick to a task until done.,I always see my tasks through to the end.
Discipline,I stick to a task until done.,I remain committed to finishing a task.
Discipline,I stick to a task until done.,I carry on with a task until I complete it.
Discipline,I stick to a task until done.,I follow through with tasks until they are completed.
Discipline,I stick to a task until done.,I dedicate myself to finishing tasks I start.
Discipline,I stick to a task until done.,I finish what I start without stopping.
Discipline,I stick to a task until done.,I stay on track with tasks until they are done.
Discipline,I stick to a task until done.,I persist with my work until it's finished.
Discipline,I stick to a task until done.,I ensure I complete tasks I begin.
Discipline,I stick to a task until done.,I maintain my focus on tasks until they are done.
Discipline,I stick to a task until done.,I finish tasks I start without giving up.
Discipline,I stick to a task until done.,I keep working on a task until it is completed.
Discipline,I stick to a task until done.,I make sure to finish tasks I begin.
Discipline,I stick to a task until done.,I continue with tasks until they are complete.
Discipline,I stick to a task until done.,I see my tasks through until they are finished.
Discipline,I stick to a task until done.,I stick with a task until it's completed.
Discipline,I stick to a task until done.,I focus on my tasks until they are finished.
Discipline,I stick to a task until done.,I pursue my tasks until they are done.
Discipline,I stick to a task until done.,I follow through on tasks until they are finished.
Discipline,I stick to a task until done.,I work until my tasks are complete.
Discipline,I stick to a task until done.,I remain focused on my tasks until they are done.
Adaptable Execution,I adjust plans when things change.,I change my plans if situations are different.
Adaptable Execution,I adjust plans when things change.,I make new plans when events are not as expected.
Adaptable Execution,I adjust plans when things change.,I modify my plans when circumstances alter.
Adaptable Execution,I adjust plans when things change.,I adapt my schedule when things are not the same.
Adaptable Execution,I adjust plans when things change.,I rearrange my plans if conditions vary.
Adaptable Execution,I adjust plans when things change.,I change my arrangements when situations shift.
Adaptable Execution,I adjust plans when things change.,I adjust my schedule when events change.
Adaptable Execution,I adjust plans when things change.,I alter my plans when things are different.
Adaptable Execution,I adjust plans when things change.,I revise my plans if circumstances change.
Adaptable Execution,I adjust plans when things change.,I update my plans when needed.
Adaptable Execution,I adjust plans when things change.,I make adjustments to my plans when required.
Adaptable Execution,I adjust plans when things change.,I develop new plans when needed.
Adaptable Execution,I adjust plans when things change.,I transform my plans when situations require it.
Adaptable Execution,I adjust plans when things change.,I switch my plans when necessary.
Adaptable Execution,I adjust plans when things change.,I reorganize my plans when things are not as planned.
Adaptable Execution,I adjust plans when things change.,I customize my plans when situations change.
Adaptable Execution,I adjust plans when things change.,I reshape my plans when needed.
Adaptable Execution,I adjust plans when things change.,I edit my plans if things differ.
Adaptable Execution,I adjust plans when things change.,I rework my plans when conditions are different.
Adaptable Execution,I adjust plans when things change.,I revise my schedule when situations demand it.
Adaptable Execution,I adjust plans when things change.,I change my approach if circumstances alter.
Adaptable Execution,I adjust plans when things change.,I shift my plans when necessary.
Adaptable Execution,I adjust plans when things change.,I tweak my plans when events are different.
Adaptable Execution,I adjust plans when things change.,I modify my approach when needed.
Adaptable Execution,I adjust plans when things change.,I adapt my plans to new situations.
Adaptable Execution,I adjust plans when things change.,I adjust my plans according to changes.
Adaptable Execution,I adjust plans when things change.,I fit my plans to new circumstances.
Adaptable Execution,I adjust plans when things change.,I tailor my plans when things change.
Resilience,I bounce back after setbacks.,I recover quickly after challenges.
Resilience,I bounce back after setbacks.,I handle difficulties and move forward.
Resilience,I bounce back after setbacks.,I get back on track after problems.
Resilience,I bounce back after setbacks.,I deal with setbacks and keep going.
Resilience,I bounce back after setbacks.,I overcome obstacles and continue.
Resilience,I bounce back after setbacks.,I move past setbacks efficiently.
Resilience,I bounce back after setbacks.,I regain my balance after difficulties.
Resilience,I bounce back after setbacks.,I cope well with setbacks.
Resilience,I bounce back after setbacks.,I adjust after encountering problems.
Resilience,I bounce back after setbacks.,I manage to recover after setbacks.
Resilience,I bounce back after setbacks.,I adapt to challenges and progress.
Resilience,I bounce back after setbacks.,I face obstacles and bounce back.
Resilience,I bounce back after setbacks.,I return to my path after disruptions.
Resilience,I bounce back after setbacks.,I handle challenges and keep progressing.
Resilience,I bounce back after setbacks.,I bounce back from difficulties easily.
Resilience,I bounce back after setbacks.,I get back on my feet after setbacks.
Resilience,I bounce back after setbacks.,I come through challenges with resilience.
Resilience,I bounce back after setbacks.,I recover from setbacks effectively.
Resilience,I bounce back after setbacks.,I regain my strength after problems.
Resilience,I bounce back after setbacks.,I quickly find my way after setbacks.
Resilience,I bounce back after setbacks.,I smoothly navigate past difficulties.
Resilience,I bounce back after setbacks.,I respond well to challenges.
Resilience,I bounce back after setbacks.,I swiftly recover from obstacles.
Resilience,I bounce back after setbacks.,I rise above challenges and continue.
Resilience,I bounce back after setbacks.,I efficiently recover from disruptions.
Resilience,I bounce back after setbacks.,I find my footing after setbacks.
Resilience,I bounce back after setbacks.,I navigate obstacles and keep moving.
Resilience,I bounce back after setbacks.,I remain resilient after challenges.
Initiative,I act without being told.,I take the initiative when needed.
Initiative,I act without being told.,I do things on my own.
Initiative,I act without being told.,I make decisions by myself.
Initiative,I act without being told.,I start tasks without being asked.
Initiative,I act without being told.,I handle things on my own.
Initiative,I act without being told.,I begin work without waiting for instructions.
Initiative,I act without being told.,I take action independently.
Initiative,I act without being told.,I do what needs to be done.
Initiative,I act without being told.,I act on my own judgment.
Initiative,I act without being told.,I complete tasks without reminders.
Initiative,I act without being told.,I initiate actions myself.
Initiative,I act without being told.,I get things done without direction.
Initiative,I act without being told.,I manage my duties independently.
Initiative,I act without being told.,I perform tasks without guidance.
Initiative,I act without being told.,I proceed without being prompted.
Initiative,I act without being told.,I handle responsibilities without being told.
Initiative,I act without being told.,I tackle tasks on my own.
Initiative,I act without being told.,I address issues without needing direction.
Initiative,I act without being told.,I function independently in my work.
Initiative,I act without being told.,I move forward without waiting for orders.
Initiative,I act without being told.,I act based on my own initiative.
Initiative,I act without being told.,I engage in activities without being instructed.
Initiative,I act without being told.,I undertake tasks without supervision.
Initiative,I act without being told.,I begin projects on my own.
Initiative,I act without being told.,I get started without external motivation.
Initiative,I act without being told.,I push forward without needing a reminder.
Initiative,I act without being told.,I manage my work without waiting for approval.
Initiative,I act without being told.,I carry out tasks independently.
Efficiency,I finish tasks in less time.,I complete my work quickly.
Efficiency,I finish tasks in less time.,I get my assignments done faster.
Efficiency,I finish tasks in less time.,I finish my tasks promptly.
Efficiency,I finish tasks in less time.,I complete tasks in a short time.
Efficiency,I finish tasks in less time.,I do my work in less time.
Efficiency,I finish tasks in less time.,I complete my duties swiftly.
Efficiency,I finish tasks in less time.,I handle tasks in a short period.
Efficiency,I finish tasks in less time.,I finish my projects quickly.
Efficiency,I finish tasks in less time.,I manage to complete tasks fast.
Efficiency,I finish tasks in less time.,I wrap up my work quickly.
Efficiency,I finish tasks in less time.,I get my jobs done in less time.
Efficiency,I finish tasks in less time.,I accomplish my tasks with speed.
Efficiency,I finish tasks in less time.,I perform my duties promptly.
Efficiency,I finish tasks in less time.,I finish my work in a short time.
Efficiency,I finish tasks in less time.,I conclude tasks faster than expected.
Efficiency,I finish tasks in less time.,I handle my work efficiently.
Efficiency,I finish tasks in less time.,I finish my assignments quickly.
Efficiency,I finish tasks in less time.,I get things done swiftly.
Efficiency,I finish tasks in less time.,I complete my tasks in a brief time.
Efficiency,I finish tasks in less time.,I accomplish my projects in less time.
Efficiency,I finish tasks in less time.,I work through tasks quickly.
Efficiency,I finish tasks in less time.,I complete my jobs speedily.
Efficiency,I finish tasks in less time.,I finish duties in a shorter time.
Efficiency,I finish tasks in less time.,I manage my tasks efficiently.
Efficiency,I finish tasks in less time.,I carry out work swiftly.
Efficiency,I finish tasks in less time.,I conclude my work in less time.
Efficiency,I finish tasks in less time.,I perform tasks in a short time.
Efficiency,I finish tasks in less time.,I handle assignments promptly.
Responsibility,I own the outcomes of my work.,I take responsibility for the results of my work.
Responsibility,I own the outcomes of my work.,The outcomes of my work are my responsibility.
Responsibility,I own the outcomes of my work.,I am accountable for the outcomes of my work.
Responsibility,I own the outcomes of my work.,I am in charge of the results of my work.
Responsibility,I own the outcomes of my work.,I accept the results of my work as my own.
Responsibility,I own the outcomes of my work.,The results of my work are my responsibility.
Responsibility,I own the outcomes of my work.,I am responsible for the outcomes of my work.
Responsibility,I own the outcomes of my work.,I hold myself accountable for the results of my work.
Responsibility,I own the outcomes of my work.,I manage the outcomes of my work.
Responsibility,I own the outcomes of my work.,I ensure that the results of my work are my responsibility.
Responsibility,I own the outcomes of my work.,I take charge of the outcomes from my work.
Responsibility,I own the outcomes of my work.,I take ownership of the results of my work.
Responsibility,I own the outcomes of my work.,I claim the outcomes of my work as my own.
Responsibility,I own the outcomes of my work.,I am responsible for what comes from my work.
Responsibility,I own the outcomes of my work.,The results of my work belong to me.
Responsibility,I own the outcomes of my work.,I control the outcomes of my work.
Responsibility,I own the outcomes of my work.,I own the results that come from my work.
Responsibility,I own the outcomes of my work.,I am the owner of my work outcomes.
Responsibility,I own the outcomes of my work.,I assume responsibility for my work results.
Responsibility,I own the outcomes of my work.,I am in charge of the outcomes of my work.
Responsibility,I own the outcomes of my work.,I accept the responsibility for my work results.
Responsibility,I own the outcomes of my work.,I acknowledge the results of my work as mine.
Responsibility,I own the outcomes of my work.,I am responsible for the consequences of my work.
Responsibility,I own the outcomes of my work.,I take care of what comes from my work.
Responsibility,I own the outcomes of my work.,I am the one in charge of my work's outcomes.
Responsibility,I own the outcomes of my work.,I am liable for the results of my work.
Responsibility,I own the outcomes of my work.,I own the consequences of my work.
Responsibility,I own the outcomes of my work.,The outcomes of my work are under my control.
Ethics,I act according to my values.,I live by my principles.
Ethics,I act according to my values.,I make choices that match my beliefs.
Ethics,I act according to my values.,I follow my personal values in life.
Ethics,I act according to my values.,I decide based on my core values.
Ethics,I act according to my values.,I align my actions with what I believe.
Ethics,I act according to my values.,I do things according to my own values.
Ethics,I act according to my values.,I act in line with my beliefs.
Ethics,I act according to my values.,I behave in a way that reflects my values.
Ethics,I act according to my values.,I choose actions that fit my values.
Ethics,I act according to my values.,I live in a way that represents my beliefs.
Ethics,I act according to my values.,I stick to my values in daily life.
Ethics,I act according to my values.,I follow what I believe is right.
Ethics,I act according to my values.,I let my values guide my decisions.
Ethics,I act according to my values.,I act in accordance with my principles.
Ethics,I act according to my values.,I make sure my actions reflect my values.
Ethics,I act according to my values.,I stay true to my values in my actions.
Ethics,I act according to my values.,I adhere to my personal values.
Ethics,I act according to my values.,I make decisions based on my beliefs.
Ethics,I act according to my values.,I act in a way that matches my values.
Ethics,I act according to my values.,I practice what I believe is important.
Ethics,I act according to my values.,I live according to my set of values.
Ethics,I act according to my values.,I follow my values in everything I do.
Ethics,I act according to my values.,I ensure my actions are guided by my values.
Ethics,I act according to my values.,I base my actions on my principles.
Ethics,I act according to my values.,I act consistently with my values.
Ethics,I act according to my values.,I operate according to what I believe.
Ethics,I act according to my values.,I align my behavior with my values.
Ethics,I act according to my values.,I let my values shape my actions.
Reliability,I deliver on time consistently.,I always meet my deadlines.
Reliability,I deliver on time consistently.,I make sure to complete my work on time.
Reliability,I deliver on time consistently.,I am punctual with my deliveries.
Reliability,I deliver on time consistently.,I ensure my tasks are done by the deadline.
Reliability,I deliver on time consistently.,I regularly finish my assignments on schedule.
Reliability,I deliver on time consistently.,I consistently meet my timelines.
Reliability,I deliver on time consistently.,I reliably deliver my projects on time.
Reliability,I deliver on time consistently.,I finish my work promptly every time.
Reliability,I deliver on time consistently.,I stick to my deadlines without fail.
Reliability,I deliver on time consistently.,I am dependable with my on-time deliveries.
Reliability,I deliver on time consistently.,I always complete my tasks when expected.
Reliability,I deliver on time consistently.,I make sure my work is done on time.
Reliability,I deliver on time consistently.,I am consistent in delivering my work punctually.
Reliability,I deliver on time consistently.,I finish my assignments when I am supposed to.
Reliability,I deliver on time consistently.,I make it a point to deliver promptly.
Reliability,I deliver on time consistently.,I regularly have my tasks completed by the deadline.
Reliability,I deliver on time consistently.,I am timely with my work completion.
Reliability,I deliver on time consistently.,I ensure I do my work within the set time.
Reliability,I deliver on time consistently.,I always hand in my work on time.
Reliability,I deliver on time consistently.,I manage to meet my deadlines consistently.
Reliability,I deliver on time consistently.,I get my tasks done by the expected time.
Reliability,I deliver on time consistently.,I am consistent in meeting my deadlines.
Reliability,I deliver on time consistently.,I always complete my tasks within the given time frame.
Reliability,I deliver on time consistently.,I regularly deliver my work on schedule.
Reliability,I deliver on time consistently.,I make sure my deadlines are always met.
Reliability,I deliver on time consistently.,I consistently finish my work on time.
Reliability,I deliver on time consistently.,I always have my assignments ready by the deadline.
Patience,I stay calm when waiting.,I am patient while I wait.
Patience,I stay calm when waiting.,I maintain my composure when I have to wait.
Patience,I stay calm when waiting.,I feel relaxed during waiting periods.
Patience,I stay calm when waiting.,I remain calm when I'm waiting.
Patience,I stay calm when waiting.,I handle waiting with ease.
Patience,I stay calm when waiting.,I don't get stressed while waiting.
Patience,I stay calm when waiting.,I keep my cool when I'm waiting.
Patience,I stay calm when waiting.,I am at ease when I have to wait.
Patience,I stay calm when waiting.,I stay composed when it's time to wait.
Patience,I stay calm when waiting.,I find it easy to wait calmly.
Patience,I stay calm when waiting.,I am relaxed when I wait.
Patience,I stay calm when waiting.,I wait without getting anxious.
Patience,I stay calm when waiting.,I keep a calm attitude when waiting.
Patience,I stay calm when waiting.,I am patient when I need to wait.
Patience,I stay calm when waiting.,I stay serene while I am waiting.
Patience,I stay calm when waiting.,I manage to wait patiently.
Patience,I stay calm when waiting.,I keep calm during waiting times.
Patience,I stay calm when waiting.,I am good at waiting without stress.
Patience,I stay calm when waiting.,I stay peaceful when I have to wait.
Patience,I stay calm when waiting.,I find waiting a calm experience.
Patience,I stay calm when waiting.,I am comfortable with waiting patiently.
Patience,I stay calm when waiting.,I wait with a calm mind.
Patience,I stay calm when waiting.,I keep tranquil while waiting.
Patience,I stay calm when waiting.,I remain patient during waiting times.
Patience,I stay calm when waiting.,I handle waiting calmly.
Patience,I stay calm when waiting.,I maintain a calm demeanor when waiting.
Patience,I stay calm when waiting.,I feel calm when I need to wait.
Patience,I stay calm when waiting.,I am able to wait with patience.
Organising,I keep tasks and data in order.,I organize my tasks and information well.
Organising,I keep tasks and data in order.,I make sure my work and data are orderly.
Organising,I keep tasks and data in order.,I arrange my tasks and data neatly.
Organising,I keep tasks and data in order.,I maintain organization in my tasks and information.
Organising,I keep tasks and data in order.,I put my tasks and data in order.
Organising,I keep tasks and data in order.,I keep my work and information organized.
Organising,I keep tasks and data in order.,I ensure my tasks and data are organized.
Organising,I keep tasks and data in order.,I manage my tasks and data efficiently.
Organising,I keep tasks and data in order.,I stay organized with my tasks and information.
Organising,I keep tasks and data in order.,I keep my tasks and data well-organized.
Organising,I keep tasks and data in order.,I keep my work and data in order.
Organising,I keep tasks and data in order.,I have an organized method for my tasks and data.
Organising,I keep tasks and data in order.,I handle my tasks and information in an orderly way.
Organising,I keep tasks and data in order.,"I keep everything in order, including tasks and data."
Organising,I keep tasks and data in order.,I make sure my tasks and data are in order.
Organising,I keep tasks and data in order.,I keep things in order by managing tasks and information.
Organising,I keep tasks and data in order.,I arrange my work and data in an organized manner.
Organising,I keep tasks and data in order.,I handle my tasks and data methodically.
Organising,I keep tasks and data in order.,I keep my tasks and information in a tidy order.
Organising,I keep tasks and data in order.,I maintain a clear order for my tasks and data.
Organising,I keep tasks and data in order.,I manage my work and data in an organized way.
Organising,I keep tasks and data in order.,I ensure my tasks and information remain orderly.
Organising,I keep tasks and data in order.,I keep my tasks and data systematically arranged.
Organising,I keep tasks and data in order.,I keep my tasks and information in order.
Organising,I keep tasks and data in order.,I make sure my tasks and data are well-organized.
Organising,I keep tasks and data in order.,I arrange my tasks and information in an orderly fashion.
Organising,I keep tasks and data in order.,I manage my tasks and information to stay organized.
Organising,I keep tasks and data in order.,I keep my tasks and data organized efficiently.
Safety Orientation,I take steps to avoid accidents.,I make sure I prevent accidents.
Safety Orientation,I take steps to avoid accidents.,I ensure I stay safe from accidents.
Safety Orientation,I take steps to avoid accidents.,I act to keep accidents from happening.
Safety Orientation,I take steps to avoid accidents.,I take measures to prevent accidents.
Safety Orientation,I take steps to avoid accidents.,I take action to avoid accidents.
Safety Orientation,I take steps to avoid accidents.,I work to stop accidents from occurring.
Safety Orientation,I take steps to avoid accidents.,I do what I can to avoid accidents.
Safety Orientation,I take steps to avoid accidents.,I take care to prevent accidents.
Safety Orientation,I take steps to avoid accidents.,I make an effort to stay accident-free.
Safety Orientation,I take steps to avoid accidents.,I take precautions to avoid accidents.
Safety Orientation,I take steps to avoid accidents.,I do my best to prevent accidents.
Safety Orientation,I take steps to avoid accidents.,I follow steps to avoid accidents.
Safety Orientation,I take steps to avoid accidents.,I try to prevent accidents from happening.
Safety Orientation,I take steps to avoid accidents.,I take action to stay safe from accidents.
Safety Orientation,I take steps to avoid accidents.,I make sure I don't have accidents.
Safety Orientation,I take steps to avoid accidents.,I engage in practices to avoid accidents.
Safety Orientation,I take steps to avoid accidents.,I carry out actions to prevent accidents.
Safety Orientation,I take steps to avoid accidents.,I behave in ways that prevent accidents.
Safety Orientation,I take steps to avoid accidents.,I take care to avoid dangerous situations.
Safety Orientation,I take steps to avoid accidents.,I take steps to stay safe.
Safety Orientation,I take steps to avoid accidents.,I follow rules to prevent accidents.
Safety Orientation,I take steps to avoid accidents.,I take preventive measures against accidents.
Safety Orientation,I take steps to avoid accidents.,I plan ahead to avoid accidents.
Safety Orientation,I take steps to avoid accidents.,I act in ways that prevent accidents.
Safety Orientation,I take steps to avoid accidents.,I think ahead to avoid accidents.
Safety Orientation,I take steps to avoid accidents.,I take steps to ensure my safety.
Safety Orientation,I take steps to avoid accidents.,I do things to prevent accidents.
Safety Orientation,I take steps to avoid accidents.,I take actions that help avoid accidents.
Empathy,I feel others’ emotions.,I understand how others are feeling.
Empathy,I feel others’ emotions.,I can sense other people's emotions.
Empathy,I feel others’ emotions.,I notice the emotions of people around me.
Empathy,I feel others’ emotions.,I pick up on others' feelings easily.
Empathy,I feel others’ emotions.,I am aware of how people feel.
Empathy,I feel others’ emotions.,I recognize the emotions in others.
Empathy,I feel others’ emotions.,I can tell what others are feeling.
Empathy,I feel others’ emotions.,I perceive the emotions of those around me.
Empathy,I feel others’ emotions.,I detect the feelings of people I meet.
Empathy,I feel others’ emotions.,I sense the emotions of others.
Empathy,I feel others’ emotions.,I know when someone is happy or sad.
Empathy,I feel others’ emotions.,I feel connected to others' emotions.
Empathy,I feel others’ emotions.,I am in tune with other people's feelings.
Empathy,I feel others’ emotions.,I can feel the mood of those around me.
Empathy,I feel others’ emotions.,I read the emotions of people near me.
Empathy,I feel others’ emotions.,I empathize with how others feel.
Empathy,I feel others’ emotions.,I understand people's emotions well.
Empathy,I feel others’ emotions.,I relate to the feelings of others.
Empathy,I feel others’ emotions.,I experience the emotions of people I know.
Empathy,I feel others’ emotions.,I am sensitive to others' emotional states.
Empathy,I feel others’ emotions.,I notice when people feel different emotions.
Empathy,I feel others’ emotions.,I feel when someone is upset or joyful.
Empathy,I feel others’ emotions.,I connect with others' emotional experiences.
Empathy,I feel others’ emotions.,I am aware of the mood of people around me.
Empathy,I feel others’ emotions.,I feel the emotional atmosphere around me.
Empathy,I feel others’ emotions.,I tune into the emotions of others.
Empathy,I feel others’ emotions.,I can feel the emotional vibes of people.
Empathy,I feel others’ emotions.,I am conscious of others' feelings.
Social Awareness,I read social cues accurately.,I understand social signals well.
Social Awareness,I read social cues accurately.,I pick up on social cues easily.
Social Awareness,I read social cues accurately.,I notice social hints clearly.
Social Awareness,I read social cues accurately.,I am good at recognizing social cues.
Social Awareness,I read social cues accurately.,I can read people's signals accurately.
Social Awareness,I read social cues accurately.,I am aware of social signals around me.
Social Awareness,I read social cues accurately.,I interpret social cues correctly.
Social Awareness,I read social cues accurately.,I understand nonverbal communication effectively.
Social Awareness,I read social cues accurately.,I read people's body language well.
Social Awareness,I read social cues accurately.,I notice social hints quickly.
Social Awareness,I read social cues accurately.,I can understand social signals clearly.
Social Awareness,I read social cues accurately.,I read facial expressions accurately.
Social Awareness,I read social cues accurately.,I perceive social cues without difficulty.
Social Awareness,I read social cues accurately.,I grasp social signals easily.
Social Awareness,I read social cues accurately.,I have a good sense of social cues.
Social Awareness,I read social cues accurately.,I catch on to social hints quickly.
Social Awareness,I read social cues accurately.,I follow social signals well.
Social Awareness,I read social cues accurately.,I am attentive to social cues.
Social Awareness,I read social cues accurately.,I read social interactions correctly.
Social Awareness,I read social cues accurately.,I notice the signals people give off.
Social Awareness,I read social cues accurately.,I understand the unspoken messages in social situations.
Social Awareness,I read social cues accurately.,I am good at picking up on social nuances.
Social Awareness,I read social cues accurately.,I recognize social signals accurately.
Social Awareness,I read social cues accurately.,I can see the subtle signs people show.
Social Awareness,I read social cues accurately.,I am sensitive to social cues.
Social Awareness,I read social cues accurately.,I grasp people's nonverbal signals well.
Social Awareness,I read social cues accurately.,I read the atmosphere in social settings easily.
Collaboration,I cooperate toward shared goals.,I work together with others to achieve common goals.
Collaboration,I cooperate toward shared goals.,I contribute to achieving shared objectives with my team.
Collaboration,I cooperate toward shared goals.,I collaborate with others to reach our goals.
Collaboration,I cooperate toward shared goals.,I join efforts with my teammates to accomplish our aims.
Collaboration,I cooperate toward shared goals.,I participate in group tasks to reach mutual goals.
Collaboration,I cooperate toward shared goals.,I help others to achieve our common targets.
Collaboration,I cooperate toward shared goals.,I share responsibilities to meet our collective goals.
Collaboration,I cooperate toward shared goals.,I team up with others to work toward shared aims.
Collaboration,I cooperate toward shared goals.,I engage with my group to achieve our goals.
Collaboration,I cooperate toward shared goals.,I support my team in reaching shared objectives.
Collaboration,I cooperate toward shared goals.,I combine my efforts with others to fulfill our goals.
Collaboration,I cooperate toward shared goals.,I play my part in achieving our group goals.
Collaboration,I cooperate toward shared goals.,I assist in accomplishing shared objectives with my colleagues.
Collaboration,I cooperate toward shared goals.,I contribute my skills to reach our common goals.
Collaboration,I cooperate toward shared goals.,I unite with my team to achieve shared aims.
Collaboration,I cooperate toward shared goals.,I act together with others to reach our objectives.
Collaboration,I cooperate toward shared goals.,I join forces with my colleagues to meet our targets.
Collaboration,I cooperate toward shared goals.,I cooperate with my peers to accomplish mutual goals.
Collaboration,I cooperate toward shared goals.,I align my efforts with others to achieve common aims.
Collaboration,I cooperate toward shared goals.,I participate in group activities to reach our targets.
Collaboration,I cooperate toward shared goals.,I work in harmony with others to meet our goals.
Collaboration,I cooperate toward shared goals.,I engage in teamwork to achieve shared objectives.
Collaboration,I cooperate toward shared goals.,I collaborate with my peers for our common aims.
Collaboration,I cooperate toward shared goals.,I assist my team in meeting our shared objectives.
Collaboration,I cooperate toward shared goals.,I contribute to group success by working toward shared goals.
Collaboration,I cooperate toward shared goals.,I involve myself in joint efforts to achieve our aims.
Collaboration,I cooperate toward shared goals.,I play a role in reaching our team’s goals.
Collaboration,I cooperate toward shared goals.,I work alongside others to accomplish our objectives.
Trust Building,I earn others’ confidence.,I gain people's trust.
Trust Building,I earn others’ confidence.,I am trusted by others.
Trust Building,I earn others’ confidence.,I win others' confidence.
Trust Building,I earn others’ confidence.,I have the trust of others.
Trust Building,I earn others’ confidence.,I build others' trust in me.
Trust Building,I earn others’ confidence.,I receive others' confidence.
Trust Building,I earn others’ confidence.,I am confident in gaining trust.
Trust Building,I earn others’ confidence.,I am trusted by my peers.
Trust Building,I earn others’ confidence.,I gain the trust of my colleagues.
Trust Building,I earn others’ confidence.,I earn the trust of my friends.
Trust Building,I earn others’ confidence.,I am reliable to others.
Trust Building,I earn others’ confidence.,I inspire trust in people.
Trust Building,I earn others’ confidence.,I achieve the confidence of others.
Trust Building,I earn others’ confidence.,I am someone people trust.
Trust Building,I earn others’ confidence.,I earn others' trust.
Trust Building,I earn others’ confidence.,I maintain others' trust in me.
Trust Building,I earn others’ confidence.,I get others to trust me.
Trust Building,I earn others’ confidence.,I develop trust with people.
Trust Building,I earn others’ confidence.,I am looked at as trustworthy.
Trust Building,I earn others’ confidence.,I create trust with others.
Trust Building,I earn others’ confidence.,I foster trust in my relationships.
Trust Building,I earn others’ confidence.,I am seen as trustworthy by others.
Trust Building,I earn others’ confidence.,I encourage others to trust me.
Trust Building,I earn others’ confidence.,I hold the trust of others.
Trust Building,I earn others’ confidence.,I am someone others can trust.
Trust Building,I earn others’ confidence.,I establish trust with people.
Trust Building,I earn others’ confidence.,I am recognized as trustworthy by others.
Inclusiveness,I welcome diverse viewpoints.,I appreciate different perspectives.
Inclusiveness,I welcome diverse viewpoints.,I value hearing various opinions.
Inclusiveness,I welcome diverse viewpoints.,I enjoy listening to different points of view.
Inclusiveness,I welcome diverse viewpoints.,I respect diverse opinions.
Inclusiveness,I welcome diverse viewpoints.,I am open to hearing other people's ideas.
Inclusiveness,I welcome diverse viewpoints.,I like learning from different perspectives.
Inclusiveness,I welcome diverse viewpoints.,I find different viewpoints interesting.
Inclusiveness,I welcome diverse viewpoints.,I accept various ideas.
Inclusiveness,I welcome diverse viewpoints.,I am eager to hear new perspectives.
Inclusiveness,I welcome diverse viewpoints.,I appreciate different ways of thinking.
Inclusiveness,I welcome diverse viewpoints.,I enjoy considering different opinions.
Inclusiveness,I welcome diverse viewpoints.,I value diverse ideas.
Inclusiveness,I welcome diverse viewpoints.,I am happy to listen to different perspectives.
Inclusiveness,I welcome diverse viewpoints.,I am open to diverse thoughts.
Inclusiveness,I welcome diverse viewpoints.,I welcome new ideas.
Inclusiveness,I welcome diverse viewpoints.,I appreciate learning from different viewpoints.
Inclusiveness,I welcome diverse viewpoints.,I like to hear other people's views.
Inclusiveness,I welcome diverse viewpoints.,I respect different ways of thinking.
Inclusiveness,I welcome diverse viewpoints.,I find diverse perspectives valuable.
Inclusiveness,I welcome diverse viewpoints.,I am open to different ideas.
Inclusiveness,I welcome diverse viewpoints.,I enjoy hearing other people's viewpoints.
Inclusiveness,I welcome diverse viewpoints.,I value different ways of seeing things.
Inclusiveness,I welcome diverse viewpoints.,I like to consider various opinions.
Inclusiveness,I welcome diverse viewpoints.,I respect other people's viewpoints.
Inclusiveness,I welcome diverse viewpoints.,I appreciate hearing different ideas.
Inclusiveness,I welcome diverse viewpoints.,I find different perspectives enlightening.
Inclusiveness,I welcome diverse viewpoints.,I am open to a variety of opinions.
Inclusiveness,I welcome diverse viewpoints.,I enjoy exploring diverse viewpoints.
Mentorship,I help others develop skills.,I assist others in learning new skills.
Mentorship,I help others develop skills.,I support people in improving their abilities.
Mentorship,I help others develop skills.,I guide others to enhance their skills.
Mentorship,I help others develop skills.,I help individuals grow their talents.
Mentorship,I help others develop skills.,I aid others in developing their abilities.
Mentorship,I help others develop skills.,I encourage people to build new skills.
Mentorship,I help others develop skills.,I teach others to strengthen their skills.
Mentorship,I help others develop skills.,I contribute to others' skill development.
Mentorship,I help others develop skills.,I mentor others in skill improvement.
Mentorship,I help others develop skills.,I help others acquire new skills.
Mentorship,I help others develop skills.,I work with others to enhance their skills.
Mentorship,I help others develop skills.,I coach people to develop their talents.
Mentorship,I help others develop skills.,I help others expand their abilities.
Mentorship,I help others develop skills.,I facilitate skill growth in others.
Mentorship,I help others develop skills.,I play a role in others' skill building.
Mentorship,I help others develop skills.,I help people advance their skills.
Mentorship,I help others develop skills.,I assist others in skill enhancement.
Mentorship,I help others develop skills.,I help others improve their talents.
Mentorship,I help others develop skills.,I guide people in building skills.
Mentorship,I help others develop skills.,I support others in learning new abilities.
Mentorship,I help others develop skills.,I help others with skill acquisition.
Mentorship,I help others develop skills.,I aid people in enhancing their skills.
Mentorship,I help others develop skills.,I assist individuals in developing their skills.
Mentorship,I help others develop skills.,I help people strengthen their abilities.
Mentorship,I help others develop skills.,I guide others in acquiring new skills.
Mentorship,I help others develop skills.,I contribute to others' skill growth.
Mentorship,I help others develop skills.,I help others gain new abilities.
Mentorship,I help others develop skills.,I facilitate others in skill development.
Persuasion,I can convince others of my ideas.,I am able to persuade people to accept my ideas.
Persuasion,I can convince others of my ideas.,I have the ability to influence others with my thoughts.
Persuasion,I can convince others of my ideas.,I can make others see my point of view.
Persuasion,I can convince others of my ideas.,I am capable of getting others to agree with my ideas.
Persuasion,I can convince others of my ideas.,I can talk to people and win them over to my ideas.
Persuasion,I can convince others of my ideas.,I can effectively communicate my ideas to others.
Persuasion,I can convince others of my ideas.,I am skilled at convincing others about my opinions.
Persuasion,I can convince others of my ideas.,I can share my thoughts and get others to agree.
Persuasion,I can convince others of my ideas.,I can present my ideas so others are persuaded.
Persuasion,I can convince others of my ideas.,I am able to express my ideas convincingly to others.
Persuasion,I can convince others of my ideas.,I am good at getting others to understand my ideas.
Persuasion,I can convince others of my ideas.,I can explain my thoughts in a way that convinces others.
Persuasion,I can convince others of my ideas.,I can make others believe in my ideas.
Persuasion,I can convince others of my ideas.,I am able to talk about my ideas in a persuasive way.
Persuasion,I can convince others of my ideas.,I can express my ideas clearly and gain support from others.
Persuasion,I can convince others of my ideas.,I am skilled in making others accept my thoughts.
Persuasion,I can convince others of my ideas.,I can effectively share my ideas with others.
Persuasion,I can convince others of my ideas.,I can talk to people and make them believe in my ideas.
Persuasion,I can convince others of my ideas.,I can persuade others to see things my way.
Persuasion,I can convince others of my ideas.,I am able to get others on board with my ideas.
Persuasion,I can convince others of my ideas.,I can discuss my ideas and get others to agree.
Persuasion,I can convince others of my ideas.,I can convince people to adopt my way of thinking.
Persuasion,I can convince others of my ideas.,I am good at explaining my ideas to others.
Persuasion,I can convince others of my ideas.,I can influence others to support my ideas.
Persuasion,I can convince others of my ideas.,I am able to get people to accept my viewpoint.
Persuasion,I can convince others of my ideas.,I can present my ideas to others in a convincing manner.
Persuasion,I can convince others of my ideas.,I can communicate my ideas and persuade others to agree.
Persuasion,I can convince others of my ideas.,I am skilled at making my ideas appealing to others.
Storytelling,I explain ideas through stories.,I use stories to explain my ideas.
Storytelling,I explain ideas through stories.,I tell stories to communicate my ideas.
Storytelling,I explain ideas through stories.,I share my ideas by telling stories.
Storytelling,I explain ideas through stories.,I convey my ideas through storytelling.
Storytelling,I explain ideas through stories.,I use storytelling to express my ideas.
Storytelling,I explain ideas through stories.,I explain my thoughts with stories.
Storytelling,I explain ideas through stories.,I describe my ideas using stories.
Storytelling,I explain ideas through stories.,I present my ideas through stories.
Storytelling,I explain ideas through stories.,I tell tales to explain my ideas.
Storytelling,I explain ideas through stories.,I use narratives to share my ideas.
Storytelling,I explain ideas through stories.,I relate my ideas through stories.
Storytelling,I explain ideas through stories.,I illustrate my ideas with stories.
Storytelling,I explain ideas through stories.,I communicate my ideas by telling stories.
Storytelling,I explain ideas through stories.,I use stories to present my ideas.
Storytelling,I explain ideas through stories.,I express my thoughts by telling stories.
Storytelling,I explain ideas through stories.,I share my thoughts using stories.
Storytelling,I explain ideas through stories.,I convey my thoughts with stories.
Storytelling,I explain ideas through stories.,I explain my concepts using stories.
Storytelling,I explain ideas through stories.,I illustrate my points through stories.
Storytelling,I explain ideas through stories.,I narrate stories to explain my ideas.
Storytelling,I explain ideas through stories.,I employ stories to convey my ideas.
Storytelling,I explain ideas through stories.,I use stories to describe my thoughts.
Storytelling,I explain ideas through stories.,I use stories to illustrate my ideas.
Storytelling,I explain ideas through stories.,I communicate my thoughts through storytelling.
Storytelling,I explain ideas through stories.,I use stories to communicate my thoughts.
Storytelling,I explain ideas through stories.,I explain my ideas by narrating stories.
Storytelling,I explain ideas through stories.,I express my ideas through the art of storytelling.
Confidence,I project self-assurance.,I show confidence in my actions.
Confidence,I project self-assurance.,I appear sure of myself.
Confidence,I project self-assurance.,I carry myself confidently.
Confidence,I project self-assurance.,I give the impression of being confident.
Confidence,I project self-assurance.,I express confidence in my abilities.
Confidence,I project self-assurance.,I display self-confidence clearly.
Confidence,I project self-assurance.,I seem confident to others.
Confidence,I project self-assurance.,I act with self-assurance.
Confidence,I project self-assurance.,I radiate confidence.
Confidence,I project self-assurance.,I behave confidently in situations.
Confidence,I project self-assurance.,I demonstrate confidence in myself.
Confidence,I project self-assurance.,I have a confident attitude.
Confidence,I project self-assurance.,I show self-assurance in what I do.
Confidence,I project self-assurance.,I exude confidence in my demeanor.
Confidence,I project self-assurance.,I present myself as confident.
Confidence,I project self-assurance.,I convey confidence to those around me.
Confidence,I project self-assurance.,I exhibit a confident manner.
Confidence,I project self-assurance.,I act with a strong sense of self.
Confidence,I project self-assurance.,I project a confident image.
Confidence,I project self-assurance.,I feel confident in my actions.
Confidence,I project self-assurance.,I maintain a confident presence.
Confidence,I project self-assurance.,I communicate confidence through my behavior.
Confidence,I project self-assurance.,I have a self-assured appearance.
Confidence,I project self-assurance.,I handle situations with confidence.
Confidence,I project self-assurance.,I express a confident outlook.
Confidence,I project self-assurance.,I show a strong sense of confidence.
Confidence,I project self-assurance.,I conduct myself with self-assurance.
Confidence,I project self-assurance.,I display a confident nature.
Energising,I lift group morale.,I boost the team's spirits.
Energising,I lift group morale.,I help keep the group's mood positive.
Energising,I lift group morale.,I raise the group's energy levels.
Energising,I lift group morale.,I encourage others to feel good.
Energising,I lift group morale.,I inspire the team to stay motivated.
Energising,I lift group morale.,I contribute to a positive atmosphere.
Energising,I lift group morale.,I help create a cheerful environment.
Energising,I lift group morale.,I make the team feel uplifted.
Energising,I lift group morale.,I brighten the group's mood.
Energising,I lift group morale.,I support a happy team environment.
Energising,I lift group morale.,I bring positivity to the group.
Energising,I lift group morale.,I enhance the group's enthusiasm.
Energising,I lift group morale.,I help the team stay optimistic.
Energising,I lift group morale.,I contribute to a lively team spirit.
Energising,I lift group morale.,I motivate the group to feel better.
Energising,I lift group morale.,I help maintain a high team spirit.
Energising,I lift group morale.,I encourage the team to stay cheerful.
Energising,I lift group morale.,I help keep the group feeling positive.
Energising,I lift group morale.,I improve the team's overall mood.
Energising,I lift group morale.,I support the group's happiness.
Energising,I lift group morale.,I help lift the group's mood.
Energising,I lift group morale.,I promote a positive feeling in the team.
Energising,I lift group morale.,I energize the group with my presence.
Energising,I lift group morale.,I bring motivation to the group.
Energising,I lift group morale.,I help the team maintain a good mood.
Energising,I lift group morale.,I support the team's positive energy.
Energising,I lift group morale.,I help the group feel more enthusiastic.
Energising,I lift group morale.,I keep the team's morale high.
Negotiation,I reach deals that satisfy all sides.,I make agreements that everyone likes.
Negotiation,I reach deals that satisfy all sides.,I find solutions that please everyone involved.
Negotiation,I reach deals that satisfy all sides.,I negotiate deals that make all parties happy.
Negotiation,I reach deals that satisfy all sides.,I create agreements that satisfy everyone.
Negotiation,I reach deals that satisfy all sides.,I settle on terms that everyone agrees on.
Negotiation,I reach deals that satisfy all sides.,I broker deals that make all sides content.
Negotiation,I reach deals that satisfy all sides.,I arrange deals that suit all parties.
Negotiation,I reach deals that satisfy all sides.,I reach agreements that everyone can accept.
Negotiation,I reach deals that satisfy all sides.,I come to terms that are good for all.
Negotiation,I reach deals that satisfy all sides.,I agree on deals that work for everyone.
Negotiation,I reach deals that satisfy all sides.,I finalize agreements that satisfy everyone.
Negotiation,I reach deals that satisfy all sides.,I establish deals that everyone is happy with.
Negotiation,I reach deals that satisfy all sides.,I strike deals that all parties find fair.
Negotiation,I reach deals that satisfy all sides.,I conclude agreements that please everyone.
Negotiation,I reach deals that satisfy all sides.,I secure deals that everyone approves of.
Negotiation,I reach deals that satisfy all sides.,I work out solutions that benefit all sides.
Negotiation,I reach deals that satisfy all sides.,I form agreements that all parties support.
Negotiation,I reach deals that satisfy all sides.,I achieve deals that make everyone content.
Negotiation,I reach deals that satisfy all sides.,I develop agreements that everyone agrees with.
Negotiation,I reach deals that satisfy all sides.,I set up deals that all parties like.
Negotiation,I reach deals that satisfy all sides.,I accomplish deals that satisfy all involved.
Negotiation,I reach deals that satisfy all sides.,I handle negotiations that everyone finds fair.
Negotiation,I reach deals that satisfy all sides.,I complete agreements that please all sides.
Negotiation,I reach deals that satisfy all sides.,I organize deals that everyone finds acceptable.
Negotiation,I reach deals that satisfy all sides.,I carry out agreements that everyone likes.
Negotiation,I reach deals that satisfy all sides.,I arrange agreements that all sides approve.
Negotiation,I reach deals that satisfy all sides.,I reach solutions that make everyone satisfied.
Vision Casting,I paint a compelling future.,I create a vision for the future.
Vision Casting,I paint a compelling future.,I imagine an exciting future.
Vision Casting,I paint a compelling future.,I draw a picture of the future.
Vision Casting,I paint a compelling future.,I shape a bright future for myself.
Vision Casting,I paint a compelling future.,I envision a future full of possibilities.
Vision Casting,I paint a compelling future.,I design an inspiring future.
Vision Casting,I paint a compelling future.,I build a hopeful future.
Vision Casting,I paint a compelling future.,I plan a future that excites me.
Vision Casting,I paint a compelling future.,I form a future that motivates me.
Vision Casting,I paint a compelling future.,I craft a future with promise.
Vision Casting,I paint a compelling future.,I design a compelling future.
Vision Casting,I paint a compelling future.,I see a future full of potential.
Vision Casting,I paint a compelling future.,I make a future worth looking forward to.
Vision Casting,I paint a compelling future.,I develop a future that inspires.
Vision Casting,I paint a compelling future.,I sketch an attractive future.
Vision Casting,I paint a compelling future.,I construct a future that I desire.
Vision Casting,I paint a compelling future.,I write a future story that excites.
Vision Casting,I paint a compelling future.,I map out an engaging future.
Vision Casting,I paint a compelling future.,I outline a future filled with hope.
Vision Casting,I paint a compelling future.,I imagine a future that draws me in.
Vision Casting,I paint a compelling future.,I picture a future that I want.
Vision Casting,I paint a compelling future.,I lay out a future that interests me.
Vision Casting,I paint a compelling future.,I visualize a future that inspires me.
Vision Casting,I paint a compelling future.,I create a future that captures my interest.
Vision Casting,I paint a compelling future.,I plan a future that I find exciting.
Vision Casting,I paint a compelling future.,I foresee a future that is interesting.
Vision Casting,I paint a compelling future.,I form a future that I look forward to.
Vision Casting,I paint a compelling future.,I dream of a future filled with excitement.
